userID,"userType","username","password","email","firstName","lastName","image","description","region","attribute0","attribute1","attribute2"
1,"consultant","AGAJLZ69","XTU11ROA3MK","magna.sed@quislectus.co.uk","Lev","Wilcox","https://source.unsplash.com/Kfk-TPxLVL0","lectus rutrum urna, nec luctus felis purus ac tellus. Suspendisse sed dolor. Fusce mi lorem, vehicula et, rutrum eu, ultrices","Z.","children","disaster","disability"
2,"ngo","BUBGNC71","SXP10DDC8HX","fringilla@consectetueradipisci","Germaine","Hayes","https://source.unsplash.com/collection/1227/302","luctus. Curabitur egestas nunc sed libero. Proin sed turpis nec mauris blandit mattis. Cras eget nisi dictum augue malesuada malesuada.","AB","education","environment","lgbt"
3,"consultant","XLZNRZ45","GEV31LTC7IE","Curabitur.ut@faucibus.ca","Leo","Huff","https://source.unsplash.com/collection/1227/303","commodo hendrerit. Donec porttitor tellus non magna. Nam ligula elit, pretium et, rutrum non, hendrerit id, ante. Nunc mauris sapien,","Alberta","animals","technology","senior"
4,"consultant","XSDIJM69","TQM88JVG8NI","gkbul@convallisante.ca","Dana","Joyce","https://source.unsplash.com/collection/1227/304","sem egestas blandit. Nam nulla magna, malesuada vel, convallis in, cursus et, eros. Proin ultrices. Duis volutpat nunc sit amet","Valparaíso","construction","technology","hunger"
5,"ngo","YBYUKI96","QAZ38GKX5WD","tincidunt@Aliquam.edu","Rajah","Stone","https://source.unsplash.com/collection/1227/305","lobortis. Class aptent taciti sociosqu ad litora torquent per conubia nostra, per inceptos hymenaeos. Mauris ut quam vel sapien imperdiet","MI","children","technology","hunger"
6,"volunteer","YCJQXQ35","PRC49FGV3DU","metus@leoelementumsem.edu","Noble","Underwood","https://source.unsplash.com/collection/1227/306","Quisque fringilla euismod enim. Etiam gravida molestie arcu. Sed eu nibh vulputate mauris sagittis placerat. Cras dictum ultricies ligula. Nullam","Saskatchewan","construction","disaster","disability"
7,"volunteer","YHJQUD94","KWW31BPV1IV","pede.Suspendisse.dui@quamCurab","Leonard","Hunt","https://source.unsplash.com/collection/1227/307","Duis mi enim, condimentum eget, volutpat ornare, facilisis eget, ipsum. Donec sollicitudin adipiscing ligula. Aenean gravida nunc sed pede. Cum","BE","children","disaster","legal"
8,"consultant","YQXQON59","BQL79OHW4PQ","a.purus@ante.com","Omar","Kaufman","https://source.unsplash.com/collection/1227/308","aliquet vel, vulputate eu, odio. Phasellus at augue id ante dictum cursus. Nunc mauris elit, dictum eu, eleifend nec, malesuada","Madrid","children","disaster","legal"
9,"ngo","YSRRKH54","NMY72FKU3UA","Nunc.ullamcorper@Nuncmauris.ne","Micah","Wilkinson","https://source.unsplash.com/collection/1227/309","magna. Lorem ipsum dolor sit amet, consectetuer adipiscing elit. Etiam laoreet, libero et tristique pellentesque, tellus sem mollis dui, in","Västra Götalands län","education","disaster","legal"
10,"volunteer","YXECQH33","RCT20GCR7PI","odio.Aliquam@Sedet.ca","Akeem","Baker","https://source.unsplash.com/LJv5ZV1ORq8","lobortis tellus justo sit amet nulla. Donec non justo. Proin non massa non ante bibendum ullamcorper. Duis cursus, diam at","Manisa","construction","environment","lgbt"
11,"ngo","YXPPSE37","JID84MWK7JL","eu.erat@enimnec.org","Tobias","Crawford","https://source.unsplash.com/y0I85D5QKvs","tellus non magna. Nam ligula elit, pretium et, rutrum non, hendrerit id, ante. Nunc mauris sapien, cursus in, hendrerit consectetuer,","Mazowieckie","children","environment","lgbt"
12,"volunteer","YZVLXX28","TLO13LAI8EM","vulputate@Fusce.ca","Demetria","Ramirez","https://source.unsplash.com/cYbQEnBiLs4","viverra. Donec tempus, lorem fringilla ornare placerat, orci lacus vestibulum lorem, sit amet ultricies sem magna nec quam. Curabitur vel","Metropolitana de Santiago","health","environment","race"
13,"ngo","CBCJIY27","UNG86DII0RB","sociis.natoque.penatibus@ante.","Cooper","Camacho","https://source.unsplash.com/QdGlponzosk","dui. Suspendisse ac metus vitae velit egestas lacinia. Sed congue, elit sed consequat auctor, nunc nulla vulputate dui, nec tempus","MA","animals","environment","lgbt"
14,"consultant","ZGPXQB61","NYV66TOB6QW","hymenaeos@sedturpisnec.org","Noble","Hardin","https://source.unsplash.com/collection/1227/314","Morbi metus. Vivamus euismod urna. Nullam lobortis quam a felis ullamcorper viverra. Maecenas iaculis aliquet diam. Sed diam lorem, auctor","QLD","construction","disaster","disability"
15,"ngo","CSVKDH87","DJM45OOK3TD","ultrices@diam.com","Myles","Morales","https://source.unsplash.com/ifl-af6d_0c","cursus vestibulum. Mauris magna. Duis dignissim tempor arcu. Vestibulum ut eros non enim commodo hendrerit. Donec porttitor tellus non magna.","VB","construction","disaster","disability"
16,"volunteer","CVTFDB93","PXQ25ZZS5XR","purus.sapien@variusNamporttito","Blake","Cobb","https://source.unsplash.com/TzVN0xQhWaQ","nibh lacinia orci, consectetuer euismod est arcu ac orci. Ut semper pretium neque. Morbi quis urna. Nunc quis arcu vel","Quebec","animals","environment","lgbt"
17,"ngo","CYIKFK36","QAK08TJX3MM","lacus.Quisque.imperdiet@quamqu","Maile","Rodriguez","https://source.unsplash.com/bsU_7Ln2E2Y","eu nulla at sem molestie sodales. Mauris blandit enim consequat purus. Maecenas libero est, congue a, aliquet vel, vulputate eu,","WV","health","disaster","disability"
18,"consultant","venky","1","v@f.cmo",,,"https://source.unsplash.com/collection/1227/318",,,,,
19,"ngo","DBQZJE05","OTU26JXU9RN","lacus.Cras.interdum@utpellente","Ross","Rosales","https://source.unsplash.com/hAzhOdGngxc","nunc. Quisque ornare tortor at risus. Nunc ac sem ut dolor dapibus gravida. Aliquam tincidunt, nunc ac mattis ornare, lectus","Vienna","animals","disaster","disability"
20,"ngo","DDYTYB45","LJK94GBZ1MD","Vivamus@augueac.com","Noelani","Patrick","https://source.unsplash.com/EdA845C1yXc","Mauris ut quam vel sapien imperdiet ornare. In faucibus. Morbi vehicula. Pellentesque tincidunt tempus risus. Donec egestas. Duis ac arcu.","Kay","construction","environment","lgbt"
21,"consultant","DGTXNT07","PGX00SAN3IR","Lorem.ipsum.dolor@Suspendisse.","Basia","Weber","https://source.unsplash.com/u6LGX2VMOP4","Duis cursus, diam at pretium aliquet, metus urna convallis erat, eget tincidunt dui augue eu tellus. Phasellus elit pede, malesuada","Ada","education","environment","lgbt"
22,"ngo","DIQTOA79","APB39IFW9TU","turpis@adipiscingfringillaport","Akeem","Brooks","https://source.unsplash.com/das6NrjLoM0","sagittis placerat. Cras dictum ultricies ligula. Nullam enim. Sed nulla ante, iaculis nec, eleifend non, dapibus rutrum, justo. Praesent luctus.","Jönköpings län","construction","disaster","legal"
23,"consultant","DSKRNN95","PZH50UOK5KC","quam.elementum@fringilla.org","Macon","Garrison","https://source.unsplash.com/collection/1227/323","lorem, vehicula et, rutrum eu, ultrices sit amet, risus. Donec nibh enim, gravida sit amet, dapibus id, blandit at, nisi.","Vienna","children","technology","senior"
24,"volunteer","AGTSJD87","VLI78OLL6NE","nibh.Aliquam.ornare@Nullaegetm","Baker","Nielsen","https://source.unsplash.com/collection/1227/324","egestas, urna justo faucibus lectus, a sollicitudin orci sem eget massa. Suspendisse eleifend. Cras sed leo. Cras vehicula aliquet libero.","Connacht","health","technology","hunger"
25,"ngo","EAZBGN31","CJT20VKU6JH","lobortis@amalesuadaid.com","Elijah","Holloway","https://source.unsplash.com/cvpk5Y4ZWUs","vestibulum. Mauris magna. Duis dignissim tempor arcu. Vestibulum ut eros non enim commodo hendrerit. Donec porttitor tellus non magna. Nam","PA","animals","disaster","disability"
26,"volunteer","ECPSVJ82","WDN20LFH4BN","cursus.luctus.ipsum@Nuncmauris","Anthony","Clemons","https://source.unsplash.com/collection/1227/326","enim. Nunc ut erat. Sed nunc est, mollis non, cursus non, egestas a, dui. Cras pellentesque. Sed dictum. Proin eget","Västra Götalands län","education","environment","lgbt"
27,"consultant","EDCNFM98","CFT73PLT5BD","ultricies@neceleifend.com","Lillian","Gilliam","https://source.unsplash.com/C5NOq1BKlAk","Mauris vel turpis. Aliquam adipiscing lobortis risus. In mi pede, nonummy ut, molestie in, tempus eu, ligula. Aenean euismod mauris","NO","children","disaster","legal"
28,"volunteer","elabro","pass1","elabro@email.com","Eduardo","Albro","https://source.unsplash.com/collection/1227/328","I see video and web as a way to reach and inspire people.",,"education","environment","lgbt"
29,"ngo","ESYVNW00","OAE85WDV0JO","eu.enim.Etiam@magnaDuis.net","Duncan","Patel","https://source.unsplash.com/C_1jjFJioWg","Nulla eget metus eu erat semper rutrum. Fusce dolor quam, elementum at, egestas a, scelerisque sed, sapien. Nunc pulvinar arcu","BA","health","disaster","legal"
30,"ngo","EZYDCU37","UZX88JLX9EI","eleifend.nec.malesuada@Vestibu","Leilani","Beach","https://source.unsplash.com/collection/1227/330","sollicitudin commodo ipsum. Suspendisse non leo. Vivamus nibh dolor, nonummy ac, feugiat non, lobortis quis, pede. Suspendisse dui. Fusce diam","Ontario","children","disaster","legal"
31,"volunteer","FAVFBU15","KWU60KCB2XU","magnis.dis.parturient@rutrum.e","Yoshi","Koch","https://source.unsplash.com/collection/1227/331","mi eleifend egestas. Sed pharetra, felis eget varius ultrices, mauris ipsum porta elit, a feugiat tellus lorem eu metus. In","NI","health","technology","senior"
32,"consultant","FGVPQH54","QNM36ACW7CW","Phasellus@Integervulputate.org","Hammett","Wynn","https://source.unsplash.com/collection/1227/332","Donec tempor, est ac mattis semper, dui lectus rutrum urna, nec luctus felis purus ac tellus. Suspendisse sed dolor. Fusce","?ódzkie","construction","environment","lgbt"
33,"volunteer","FJOMUT21","VYZ82ZOW9EJ","sem@ut.ca","Burke","Frank","https://source.unsplash.com/collection/1227/333","Cras eu tellus eu augue porttitor interdum. Sed auctor odio a purus. Duis elementum, dui quis accumsan convallis, ante lectus","North Island","education","technology","hunger"
34,"volunteer","FMZSWQ51","ITS86JWT3YH","sagittis@Donecfeugiatmetus.co.","Colton","Lawson","https://source.unsplash.com/collection/1227/334","erat volutpat. Nulla facilisis. Suspendisse commodo tincidunt nibh. Phasellus nulla. Integer vulputate, risus a ultricies adipiscing, enim mi tempor lorem,","Wie","education","disaster","disability"
35,"volunteer","alopresti","pass1","alopresti@email.com","Aretha","Lopresti","https://source.unsplash.com/collection/1227/335","Friend of animals everywhere. Hardcore internet enthusiast and avid reader.",,"children","technology","senior"
36,"consultant","gdesouza","pass1","gedsouza@email.com","Gudrun","Desouza","https://source.unsplash.com/XhMSz5I1kn8","Aspiring creative writer. I like spicy food and good people.",,"education","disaster","legal"
37,"consultant","HCEIWO46","ISS41VTB5VP","tempus.mauris@neque.net","Elmo","Erickson","https://source.unsplash.com/collection/1227/337","faucibus. Morbi vehicula. Pellentesque tincidunt tempus risus. Donec egestas. Duis ac arcu. Nunc mauris. Morbi non sapien molestie orci tincidunt","Imo","education","environment","lgbt"
38,"consultant","HCOEMX73","DHC84JPP7OP","id@netuset.com","Remedios","Clark","https://source.unsplash.com/P-CeaGknSJA","turpis. In condimentum. Donec at arcu. Vestibulum ante ipsum primis in faucibus orci luctus et ultrices posuere cubilia Curae; Donec","RJ","construction","disaster","legal"
39,"volunteer","HJVLGA85","JEV47AYJ7EI","ornare.egestas.ligula@Pellente","Haley","Watts","https://source.unsplash.com/collection/1227/339","Sed id risus quis diam luctus lobortis. Class aptent taciti sociosqu ad litora torquent per conubia nostra, per inceptos hymenaeos.","Emilia-Romagna","animals","disaster","legal"
40,"ngo","HJYORO37","XMM28CDF4SX","sapien.Aenean@massalobortis.ca","Neve","Franco","https://source.unsplash.com/vrVF3zHXnGg","libero et tristique pellentesque, tellus sem mollis dui, in sodales elit erat vitae risus. Duis a mi fringilla mi lacinia","Alabama","health","technology","senior"
41,"consultant","HNTHQM15","WZG02EZH3KC","magna@CuraePhasellusornare.ca","Austin","Love","https://source.unsplash.com/collection/1227/341","dignissim lacus. Aliquam rutrum lorem ac risus. Morbi metus. Vivamus euismod urna. Nullam lobortis quam a felis ullamcorper viverra. Maecenas","QC","education","technology","senior"
42,"consultant","HTODVX37","BNZ72BOY0GC","neque.Morbi@Etiamimperdiet.org","Dai","Harrison","https://source.unsplash.com/collection/1227/342","ligula. Aliquam erat volutpat. Nulla dignissim. Maecenas ornare egestas ligula. Nullam feugiat placerat velit. Quisque varius. Nam porttitor scelerisque neque.","BA","health","disaster","disability"
43,"ngo","HVEFMW59","ZYN64RMA1RB","sit.amet.consectetuer@Quisquet","Hyacinth","Bryant","https://source.unsplash.com/collection/1227/343","sem ut dolor dapibus gravida. Aliquam tincidunt, nunc ac mattis ornare, lectus ante dictum mi, ac mattis velit justo nec","LAZ","children","disaster","disability"
44,"consultant","HYMXFU60","PIC64NSR4IZ","convallis.est.vitae@rutrumjust","Tanner","Rosario","https://source.unsplash.com/collection/1227/344","consectetuer ipsum nunc id enim. Curabitur massa. Vestibulum accumsan neque et nunc. Quisque ornare tortor at risus. Nunc ac sem","RA","education","technology","hunger"
45,"consultant","IGNPXO40","NZZ05OET5PI","parturient.montes.nascetur@vit","Wayne","Carroll","https://source.unsplash.com/R5rVLQZ8hG8","fermentum vel, mauris. Integer sem elit, pharetra ut, pharetra sed, hendrerit a, arcu. Sed et libero. Proin mi. Aliquam gravida","LX","children","disaster","legal"
46,"volunteer","ANZMDF54","HMD99YPS1OC","mi@et.edu","Richard","Benson","https://source.unsplash.com/collection/1227/346","dis parturient montes, nascetur ridiculus mus. Proin vel nisl. Quisque fringilla euismod enim. Etiam gravida molestie arcu. Sed eu nibh","Delta","construction","technology","senior"
47,"volunteer","IIVIXD36","XNE49MLB7FG","lorem.lorem.luctus@Nunclaoreet","Anastasia","Hendrix","https://source.unsplash.com/collection/1227/347","Phasellus vitae mauris sit amet lorem semper auctor. Mauris vel turpis. Aliquam adipiscing lobortis risus. In mi pede, nonummy ut,","NI","education","disaster","disability"
48,"volunteer","IQZSFO79","OOC65BCT2UI","non@Nuncmauris.ca","Halee","Casey","https://source.unsplash.com/collection/1227/348","Sed diam lorem, auctor quis, tristique ac, eleifend vitae, erat. Vivamus nisi. Mauris nulla. Integer urna. Vivamus molestie dapibus ligula.","Florida","health","environment","lgbt"
49,"consultant","ITTNDX24","NGT35QCQ8HZ","at.libero@nibhdolornonummy.edu","Lillian","Powers","https://source.unsplash.com/collection/1227/349","tellus faucibus leo, in lobortis tellus justo sit amet nulla. Donec non justo. Proin non massa non ante bibendum ullamcorper.","NSW","education","technology","hunger"
50,"volunteer","JDGQVD39","ZGY70COF5AO","Nullam.ut@nequepellentesquemas","Derek","Maxwell","https://source.unsplash.com/t3zrEm88ehc","Cras lorem lorem, luctus ut, pellentesque eget, dictum placerat, augue. Sed molestie. Sed id risus quis diam luctus lobortis. Class","IX","health","environment","race"
51,"volunteer","JEURDX84","OMP32HAZ9IT","faucibus.orci.luctus@lectusped","Hilda","Harmon","https://source.unsplash.com/collection/1227/351","nascetur ridiculus mus. Proin vel nisl. Quisque fringilla euismod enim. Etiam gravida molestie arcu. Sed eu nibh vulputate mauris sagittis","N.","construction","disaster","disability"
52,"ngo","JHGYKZ74","DKJ02YSJ6BS","quis.pede@vulputateveliteu.ca","Chastity","Lamb","https://source.unsplash.com/collection/1227/352","Nunc commodo auctor velit. Aliquam nisl. Nulla eu neque pellentesque massa lobortis ultrices. Vivamus rhoncus. Donec est. Nunc ullamcorper, velit","WE","animals","technology","senior"
53,"volunteer","sasank196","1","sasank196@gmail.com","Sasank","Matavalam","https://source.unsplash.com/collection/1227/353","volunteer","Andhra Pradesh","9492068626",,
54,"volunteer","KBTYAO67","YTB65KUM6UP","molestie.tellus.Aenean@nequeve","Beck","Rivers","https://source.unsplash.com/-fQ5XNOcqFQ","Donec nibh enim, gravida sit amet, dapibus id, blandit at, nisi. Cum sociis natoque penatibus et magnis dis parturient montes,","L","children","environment","race"
55,"ngo","klandis","pass1","klandis@email.com","Kayce","Landis","https://source.unsplash.com/collection/1227/355","dedicated to encouraging the growth, development and distribution of free, multilingual content, and to providing the full content of these wiki-based projects to the public free of charge. The Wikimedia Foundation operates some of the largest collaborati",,"health","technology","hunger"
56,"consultant","KNCBDT73","EFP56SGO7ZZ","elit@aliquetnecimperdiet.ca","Leonard","Burns","https://source.unsplash.com/collection/1227/356","lorem ut aliquam iaculis, lacus pede sagittis augue, eu tempor erat neque non quam. Pellentesque habitant morbi tristique senectus et","San José","health","environment","lgbt"
57,"ngo","KSDHTU46","KDT57JBW3LE","ullamcorper.nisl.arcu@antelect","Kuame","Ferrell","https://source.unsplash.com/collection/1227/357","faucibus lectus, a sollicitudin orci sem eget massa. Suspendisse eleifend. Cras sed leo. Cras vehicula aliquet libero. Integer in magna.","CV","animals","technology","senior"
58,"volunteer","arasmus","pass1","arasmus@email.com","Avery","Rasmus","https://source.unsplash.com/collection/1227/358","Unapologetic reader and proud communicator. Bacon and coffee everyday.",,"health","disaster","disability"
59,"consultant","KWDTGS17","TIS80XNO7XY","Morbi.quis.urna@facilisislorem","Alfonso","Welch","https://source.unsplash.com/collection/1227/359","sed, hendrerit a, arcu. Sed et libero. Proin mi. Aliquam gravida mauris ut mi. Duis risus odio, auctor vitae, aliquet","Pará","construction","disaster","disability"
60,"volunteer","LLDPHI15","BXD28NKO4UR","Aliquam.tincidunt.nunc@necelei","Isabella","Tran","https://source.unsplash.com/collection/1227/360","cursus et, eros. Proin ultrices. Duis volutpat nunc sit amet metus. Aliquam erat volutpat. Nulla facilisis. Suspendisse commodo tincidunt nibh.","AB","health","technology","hunger"
61,"ngo","LMOHUN08","AYF23MSF9QF","pede.Suspendisse@estmauris.edu","Katelyn","Dickson","https://source.unsplash.com/collection/1227/361","enim nec tempus scelerisque, lorem ipsum sodales purus, in molestie tortor nibh sit amet orci. Ut sagittis lobortis mauris. Suspendisse","ON","education","technology","hunger"
62,"consultant","LOFKSX57","FAE04BOC7RL","eu.odio@amet.com","Bradley","Barton","https://source.unsplash.com/collection/1227/362","elit, pellentesque a, facilisis non, bibendum sed, est. Nunc laoreet lectus quis massa. Mauris vestibulum, neque sed dictum eleifend, nunc","Benue","construction","disaster","legal"
63,"volunteer","LOKOVY05","NMB45FAY2HD","tortor.Nunc@estvitae.co.uk","Cain","Skinner","https://source.unsplash.com/collection/1227/363","nisl sem, consequat nec, mollis vitae, posuere at, velit. Cras lorem lorem, luctus ut, pellentesque eget, dictum placerat, augue. Sed","OK","children","disaster","disability"
64,"ngo","LVUWOK54","EAW18KWV2NX","bibendum.sed.est@lobortis.edu","Gillian","Tyler","https://source.unsplash.com/collection/1227/364","at, iaculis quis, pede. Praesent eu dui. Cum sociis natoque penatibus et magnis dis parturient montes, nascetur ridiculus mus. Aenean","BU","construction","environment","lgbt"
65,"consultant","LWAQTI18","PWD80ZAU9KV","nisl@Aeneanegestas.com","Lyle","Turner","https://source.unsplash.com/collection/1227/365","Sed auctor odio a purus. Duis elementum, dui quis accumsan convallis, ante lectus convallis est, vitae sodales nisi magna sed","DS","children","disaster","legal"
66,"volunteer","MDOELT84","PFV78IPE8MC","Nullam@sitamet.com","Evelyn","Hester","https://source.unsplash.com/collection/1227/366","cursus et, eros. Proin ultrices. Duis volutpat nunc sit amet metus. Aliquam erat volutpat. Nulla facilisis. Suspendisse commodo tincidunt nibh.","Campania","construction","environment","race"
67,"consultant","MFBCOP08","PNV78SIB2HR","Aenean.gravida@Donecelementuml","Tallulah","Clemons","https://source.unsplash.com/collection/1227/367","id, blandit at, nisi. Cum sociis natoque penatibus et magnis dis parturient montes, nascetur ridiculus mus. Proin vel nisl. Quisque","Kon","health","environment","race"
68,"volunteer","mherzog","pass1","mherzog@email.com","Madie","Herzog","https://source.unsplash.com/collection/1227/368","I like turtles, have a curious soul and I'm a good listener.",,"education","environment","race"
69,"ngo","weserveadmin","1","weserve@s.com",,,"https://source.unsplash.com/collection/1227/369",,,,,
70,"volunteer","mzhu","1","1@1.edu",,,"https://source.unsplash.com/collection/1227/370",,,,,
71,"consultant","ATWQVK43","IYG91OAZ9NF","enim.nisl.elementum@sapienimpe","Shelley","Wise","https://source.unsplash.com/collection/1227/371","Mauris molestie pharetra nibh. Aliquam ornare, libero at auctor ullamcorper, nisl arcu iaculis enim, sit amet ornare lectus justo eu","Georgia","children","environment","race"
72,"ngo","MHURMN12","IIJ75PVG2SC","et.tristique@Vivamusmolestie.e","Mia","Mullins","https://source.unsplash.com/collection/1227/372","libero. Morbi accumsan laoreet ipsum. Curabitur consequat, lectus sit amet luctus vulputate, nisi sem semper erat, in consectetuer ipsum nunc","Brecknockshire","children","technology","senior"
73,"consultant","MJTRCE82","ZJC13GGQ1QO","Morbi.non.sapien@Fuscealiquam.","Hedda","William","https://source.unsplash.com/collection/1227/373","amet massa. Quisque porttitor eros nec tellus. Nunc lectus pede, ultrices a, auctor non, feugiat nec, diam. Duis mi enim,","Sokoto","children","disaster","legal"
74,"consultant","MKTZXM60","GQY79NZL2XY","dictum.sapien@pedenonummyut.ca","Upton","Gonzales","https://source.unsplash.com/collection/1227/374","Nullam ut nisi a odio semper cursus. Integer mollis. Integer tincidunt aliquam arcu. Aliquam ultrices iaculis odio. Nam interdum enim","Bur","health","technology","hunger"
75,"ngo","MLWKWU99","LWZ78DKU7JB","Maecenas@blanditenim.org","Rylee","Contreras","https://source.unsplash.com/collection/1227/375","amet metus. Aliquam erat volutpat. Nulla facilisis. Suspendisse commodo tincidunt nibh. Phasellus nulla. Integer vulputate, risus a ultricies adipiscing, enim","QC","children","technology","hunger"
76,"consultant","MSTMMC81","XPN47YDR5PZ","neque.Nullam@ac.co.uk","Abdul","Mccoy","https://source.unsplash.com/collection/1227/376","accumsan neque et nunc. Quisque ornare tortor at risus. Nunc ac sem ut dolor dapibus gravida. Aliquam tincidunt, nunc ac","Namen","children","disaster","legal"
77,"volunteer","MSUPPK00","RNB55PYV4MK","ipsum.ac.mi@In.net","Eleanor","Cotton","https://source.unsplash.com/collection/1227/377","massa. Mauris vestibulum, neque sed dictum eleifend, nunc risus varius orci, in consequat enim diam vel arcu. Curabitur ut odio","UP","construction","technology","hunger"
78,"ngo","MXNHMB96","YZB08QXR5OW","dui.augue.eu@inmagna.edu","Ian","Medina","https://source.unsplash.com/collection/1227/378","ac libero nec ligula consectetuer rhoncus. Nullam velit dui, semper et, lacinia vitae, sodales at, velit. Pellentesque ultricies dignissim lacus.","BA","construction","disaster","legal"
79,"volunteer","NKDMLL67","YCC62YRT3LS","risus.at@nequeSedeget.com","Salvador","Mendez","https://source.unsplash.com/collection/1227/379","scelerisque neque. Nullam nisl. Maecenas malesuada fringilla est. Mauris eu turpis. Nulla aliquet. Proin velit. Sed malesuada augue ut lacus.","Koc","education","environment","race"
80,"consultant","nrich","pass1","nrich@email.com","Nichole","Rich","https://source.unsplash.com/collection/1227/380","I like coming up with big ideas and then bring them to life. Love good music.",,"animals","disaster","legal"
81,"ngo","NXEZON84","XDE50AAI3AH","nulla.magna@semelitpharetra.ed","Lester","Torres","https://source.unsplash.com/collection/1227/381","dis parturient montes, nascetur ridiculus mus. Donec dignissim magna a tortor. Nunc commodo auctor velit. Aliquam nisl. Nulla eu neque","PR","education","environment","race"
82,"ngo","AUYCZF60","KIY59NLW4AX","mauris.rhoncus.id@fringillapur","Wallace","Holland","https://source.unsplash.com/collection/1227/382","ornare, libero at auctor ullamcorper, nisl arcu iaculis enim, sit amet ornare lectus justo eu arcu. Morbi sit amet massa.","Ohio","construction","technology","hunger"
83,"volunteer","NYRRFV78","FLK09EDT5DE","ac@varius.edu","Melvin","Hurley","https://source.unsplash.com/collection/1227/383","eu enim. Etiam imperdiet dictum magna. Ut tincidunt orci quis lectus. Nullam suscipit, est ac facilisis facilisis, magna tellus faucibus","KT","animals","technology","senior"
84,"consultant","OBXKKH70","EIF14HHV5NU","suscipit.est@utmi.net","Moses","Guerrero","https://source.unsplash.com/collection/1227/384","neque tellus, imperdiet non, vestibulum nec, euismod in, dolor. Fusce feugiat. Lorem ipsum dolor sit amet, consectetuer adipiscing elit. Aliquam","AN","animals","technology","hunger"
85,"volunteer","OMIOAH13","MMA83YMF6RQ","cubilia@ligulaAeneaneuismod.co","Odette","Joyce","https://source.unsplash.com/collection/1227/385","viverra. Maecenas iaculis aliquet diam. Sed diam lorem, auctor quis, tristique ac, eleifend vitae, erat. Vivamus nisi. Mauris nulla. Integer","Stockholms län","animals","technology","hunger"
86,"ngo","OOSPAG64","JTI94VOC8IV","scelerisque.scelerisque.dui@es","Madeson","Conley","https://source.unsplash.com/collection/1227/386","condimentum. Donec at arcu. Vestibulum ante ipsum primis in faucibus orci luctus et ultrices posuere cubilia Curae; Donec tincidunt. Donec","California","children","disaster","legal"
87,"consultant","OQHPHL51","EEN74VLW1IE","aliquam.adipiscing@Phasellusin","Cleo","Chang","https://source.unsplash.com/collection/1227/387","iaculis, lacus pede sagittis augue, eu tempor erat neque non quam. Pellentesque habitant morbi tristique senectus et netus et malesuada","HB","children","disaster","legal"
88,"ngo","PQBUNP87","XPA24XYA3BR","a@aceleifend.edu","Gage","Pitts","https://source.unsplash.com/collection/1227/388","Aliquam gravida mauris ut mi. Duis risus odio, auctor vitae, aliquet nec, imperdiet nec, leo. Morbi neque tellus, imperdiet non,","Bahia","construction","environment","lgbt"
89,"ngo","PUDSFL15","CQH83IXS3JY","Quisque@orciconsectetuereuismo","Ashton","Greer","https://source.unsplash.com/collection/1227/389","mollis vitae, posuere at, velit. Cras lorem lorem, luctus ut, pellentesque eget, dictum placerat, augue. Sed molestie. Sed id risus","Bahia","education","environment","lgbt"
90,"consultant","PVQYGC00","GMN11RKD3IG","ornare@felispurus.net","Erasmus","Long","https://source.unsplash.com/collection/1227/390","quis arcu vel quam dignissim pharetra. Nam ac nulla. In tincidunt congue turpis. In condimentum. Donec at arcu. Vestibulum ante","Alberta","education","technology","senior"
91,"volunteer","QKGPZZ76","VQH87ZLV0FU","ante.iaculis@Etiamlaoreetliber","Connor","Wood","https://source.unsplash.com/collection/1227/391","habitant morbi tristique senectus et netus et malesuada fames ac turpis egestas. Aliquam fringilla cursus purus. Nullam scelerisque neque sed","Berlin","education","environment","lgbt"
92,"ngo","QWIFML88","LIN71EES5RV","Vestibulum.ante@Aliquameratvol","Paul","Tanner","https://source.unsplash.com/collection/1227/392","Praesent eu dui. Cum sociis natoque penatibus et magnis dis parturient montes, nascetur ridiculus mus. Aenean eget magna. Suspendisse tristique","HA","education","technology","hunger"
93,"consultant","AWGAES71","NVQ36ALJ9JP","imperdiet@nonlaciniaat.co.uk","Kelly","Reese","https://source.unsplash.com/collection/1227/393","in consectetuer ipsum nunc id enim. Curabitur massa. Vestibulum accumsan neque et nunc. Quisque ornare tortor at risus. Nunc ac","Adana","health","disaster","legal"
94,"volunteer","QYMEWL37","LSL26PSY3UV","nisi.magna@mauriseu.org","Lyle","Flowers","https://source.unsplash.com/collection/1227/394","dapibus quam quis diam. Pellentesque habitant morbi tristique senectus et netus et malesuada fames ac turpis egestas. Fusce aliquet magna","PA","construction","disaster","legal"
95,"volunteer","rbarbagallo","pass1","rbarbagallo@email.com","Rico","Barbagallo","https://source.unsplash.com/collection/1227/395","Hardcore coffee nerd and twitter junkie. Proud gamer.",,"animals","technology","hunger"
96,"ngo","RIZATM68","CYK41TIF2JN","faucibus@inlobortistellus.co.u","Raphael","Ryan","https://source.unsplash.com/collection/1227/396","natoque penatibus et magnis dis parturient montes, nascetur ridiculus mus. Donec dignissim magna a tortor. Nunc commodo auctor velit. Aliquam","NÖ.","construction","disaster","legal"
97,"volunteer","RLRWSS58","ZQF78PNC2YJ","quam.quis.diam@nasceturridicul","Justin","Barrera","https://source.unsplash.com/collection/1227/397","diam vel arcu. Curabitur ut odio vel est tempor bibendum. Donec felis orci, adipiscing non, luctus sit amet, faucibus ut,","VII","children","environment","lgbt"
98,"ngo","rmazzeo","pass1","rmazzeo@email.com","Rudolph","Mazzeo","https://source.unsplash.com/collection/1227/398","take a holistic approach to fighting infectious disease globally and “At its root, our mission is both medical and moral. It is based on solidarity, rather than charity alone.",,"construction","disaster","disability"
99,"volunteer","RPXIJV38","BKS61KUK2LD","Duis.ac.arcu@maurisIntegersem.","Sonya","Ayala","https://source.unsplash.com/collection/1227/399","per inceptos hymenaeos. Mauris ut quam vel sapien imperdiet ornare. In faucibus. Morbi vehicula. Pellentesque tincidunt tempus risus. Donec egestas.","Île-de-France","education","technology","hunger"
100,"volunteer","SGMKHP83","DBH87YOR5ED","cursus.vestibulum@massa.org","Lev","Patel","https://source.unsplash.com/collection/1227/400","cursus. Nunc mauris elit, dictum eu, eleifend nec, malesuada ut, sem. Nulla interdum. Curabitur dictum. Phasellus in felis. Nulla tempor","Haute-Normandie","education","disaster","legal"
101,"ngo","TLIHKZ06","GUK68BHA0UH","enim.consequat@nunc.net","Hunter","Booth","https://source.unsplash.com/collection/1227/401","magna. Phasellus dolor elit, pellentesque a, facilisis non, bibendum sed, est. Nunc laoreet lectus quis massa. Mauris vestibulum, neque sed","U","construction","environment","lgbt"
102,"ngo","UYLQYP33","VZG82LMC6UZ","suscipit.est.ac@Nullatemporaug","Beck","Barrera","https://source.unsplash.com/collection/1227/402","nascetur ridiculus mus. Proin vel nisl. Quisque fringilla euismod enim. Etiam gravida molestie arcu. Sed eu nibh vulputate mauris sagittis","OK","education","technology","hunger"
103,"consultant","VBIYSN49","JOY81LGA3GR","Duis.risus.odio@et.ca","Isaiah","Suarez","https://source.unsplash.com/collection/1227/403","placerat eget, venenatis a, magna. Lorem ipsum dolor sit amet, consectetuer adipiscing elit. Etiam laoreet, libero et tristique pellentesque, tellus","VII","education","environment","race"
104,"volunteer","BENJZN49","HSL59VNS6RK","scelerisque.neque.sed@eu.com","Owen","Beck","https://source.unsplash.com/collection/1227/404","aliquet, sem ut cursus luctus, ipsum leo elementum sem, vitae aliquam eros turpis non enim. Mauris quis turpis vitae purus","Ulster","children","environment","lgbt"
105,"consultant","VLVHDU23","POT12OBV5HP","velit.Quisque@blandit.co.uk","Wyatt","Lopez","https://source.unsplash.com/collection/1227/405","faucibus leo, in lobortis tellus justo sit amet nulla. Donec non justo. Proin non massa non ante bibendum ullamcorper. Duis","Victoria","health","disaster","disability"
106,"consultant","VRSOQZ90","LCL03SQC3VK","nec.ligula.consectetuer@id.edu","Vaughan","Harrison","https://source.unsplash.com/collection/1227/406","ipsum cursus vestibulum. Mauris magna. Duis dignissim tempor arcu. Vestibulum ut eros non enim commodo hendrerit. Donec porttitor tellus non","UP","animals","disaster","disability"
107,"volunteer","WCLMTH59","FYE20GHE4EF","dolor.quam@nisimagnased.edu","Perry","Gibson","https://source.unsplash.com/collection/1227/407","scelerisque mollis. Phasellus libero mauris, aliquam eu, accumsan sed, facilisis vitae, orci. Phasellus dapibus quam quis diam. Pellentesque habitant morbi","SL","animals","disaster","disability"
108,"ngo","WCSOPM54","AEE05OIV3IC","consectetuer.mauris@utodio.co.","Macaulay","Howard","https://source.unsplash.com/collection/1227/408","mollis. Integer tincidunt aliquam arcu. Aliquam ultrices iaculis odio. Nam interdum enim non nisi. Aenean eget metus. In nec orci.","Connecticut","animals","technology","senior"
109,"consultant","WEDFML82","PVM66JQQ0NT","Aliquam@urna.net","Wynter","Clarke","https://source.unsplash.com/collection/1227/409","convallis in, cursus et, eros. Proin ultrices. Duis volutpat nunc sit amet metus. Aliquam erat volutpat. Nulla facilisis. Suspendisse commodo","Alberta","construction","disaster","legal"
110,"volunteer","WJKLOT55","TTZ21VVE8PI","Integer.in.magna@liberoMorbi.c","Joel","Hodges","https://source.unsplash.com/collection/1227/410","fames ac turpis egestas. Aliquam fringilla cursus purus. Nullam scelerisque neque sed sem egestas blandit. Nam nulla magna, malesuada vel,","WA","children","environment","lgbt"
111,"consultant","WPWZBX35","BLQ64DZG9MG","Integer.eu@sem.com","Alice","Sherman","https://source.unsplash.com/collection/1227/411","mauris sagittis placerat. Cras dictum ultricies ligula. Nullam enim. Sed nulla ante, iaculis nec, eleifend non, dapibus rutrum, justo. Praesent","HB","animals","disaster","disability"
112,"ngo","WQNWKW75","NEP74KYG4PF","tempor.erat@Etiam.com","Leilani","Sheppard","https://source.unsplash.com/collection/1227/412","dolor sit amet, consectetuer adipiscing elit. Etiam laoreet, libero et tristique pellentesque, tellus sem mollis dui, in sodales elit erat","Minas Gerais","education","technology","senior"
113,"volunteer","wrieck","pass1","wrieck@email.com","Winfred","Rieck","https://source.unsplash.com/collection/1227/413","Award-winning travel ninja. Pop culture enthusiast.",,"health","environment","lgbt"
114,"volunteer","XBZZTY97","ICK29EKC2WY","tellus.imperdiet@Utsagittis.ne","Oprah","Maynard","https://source.unsplash.com/collection/1227/414","fringilla purus mauris a nunc. In at pede. Cras vulputate velit eu sem. Pellentesque ut ipsum ac mi eleifend egestas.","LA","construction","disaster","disability"
115,"volunteer","venky345","1","v@f.cmo",,,"https://source.unsplash.com/collection/1227/415",,,,,
116,"volunteer","sasank","s","s@s.com",,,"https://source.unsplash.com/collection/1227/416",,,,,
117,"volunteer","venky123","1","v@f.cmo",,,"https://source.unsplash.com/collection/1227/417",,,,,
